City_ID,City,Country,Lat,Lng,Max Temp,Humidity,Cloudiness,Wind Speed,Current Description
0,Lebu,CL,-37.6167,-73.65,54.73,69,27,9.46,scattered clouds
1,Lorengau,PG,-2.0226,147.2712,80.65,82,43,9.48,scattered clouds
2,Rikitea,PF,-23.1203,-134.9692,74.77,82,96,20.58,overcast clouds
3,Tuatapere,NZ,-46.1333,167.6833,50.86,96,100,1.54,overcast clouds
4,Kalino,RU,58.2504,57.6085,41.95,84,100,8.66,overcast clouds
5,Harper,LR,4.375,-7.7169,77.68,88,79,7.72,light rain
6,Vaini,TO,-21.2,-175.2,71.53,72,78,22.62,light rain
7,Bengkulu,ID,-3.8004,102.2655,76.21,89,80,2.89,broken clouds
8,Sobolevo,RU,54.4299,31.8996,41.83,68,97,15.95,overcast clouds
9,Mataura,NZ,-46.1927,168.8643,49.48,97,100,0.4,light rain
10,Barreirinha,BR,-2.7933,-57.07,92.59,47,85,2.8,heavy intensity rain
11,Guerrero Negro,MX,27.9769,-114.0611,71.17,61,2,17.52,clear sky
12,Chokurdakh,RU,70.6333,147.9167,-2.47,98,100,6.02,overcast clouds
13,Arraial Do Cabo,BR,-22.9661,-42.0278,71.82,85,0,29.15,clear sky
14,Akyab,MM,20.15,92.9,76.23,84,100,5.14,overcast clouds
15,Port Elizabeth,ZA,-33.918,25.5701,60.1,63,6,19.82,clear sky
16,Chicama,PE,-7.8447,-79.1469,74.08,61,25,11.12,scattered clouds
17,Bluff,NZ,-46.6,168.3333,51.6,92,100,3.04,light rain
18,Norman Wells,CA,65.282,-126.8329,35.58,80,17,2.93,few clouds
19,Salalah,OM,17.0151,54.0924,77.54,68,23,3.47,few clouds
20,Bolu,TR,40.6667,31.5833,49.96,71,19,1.25,few clouds
21,Yellowknife,CA,62.456,-114.3525,42.42,84,99,18.01,overcast clouds
22,Codrington,AU,-38.2667,141.9667,47.61,79,40,12.75,scattered clouds
23,Setermoen,NO,68.861,18.3486,22.96,82,100,7.78,snow
24,Atuona,PF,-9.8,-139.0333,78.15,78,12,18.34,few clouds
25,Ponta Do Sol,PT,32.6667,-17.1,70.43,53,24,4.52,few clouds
26,Norwich,GB,52.6278,1.2983,54.14,78,90,1.01,overcast clouds
27,Hobart,AU,-42.8794,147.3294,51.03,93,90,4.0,light rain
28,Chernyshevskiy,RU,63.0128,112.4714,30.7,83,99,12.64,overcast clouds
29,Bredasdorp,ZA,-34.5322,20.0403,56.28,70,39,4.36,scattered clouds
30,Punta Arenas,CL,-53.15,-70.9167,42.91,65,40,41.43,light rain
31,Tuktoyaktuk,CA,69.4541,-133.0374,24.62,93,31,8.88,scattered clouds
32,Chinsali,ZM,-10.5414,32.0816,79.63,31,16,12.77,few clouds
33,Hithadhoo,MV,-0.6,73.0833,82.24,75,66,12.19,heavy intensity rain
34,Praia Da Vitoria,PT,38.7333,-27.0667,69.76,76,16,12.37,few clouds
35,Sorong,ID,-0.8833,131.25,79.38,81,100,8.32,overcast clouds
36,Khatanga,RU,71.9667,102.5,10.18,92,100,17.34,overcast clouds
37,Port Alfred,ZA,-33.5906,26.891,61.21,70,0,27.11,clear sky
38,Tiksi,RU,71.6872,128.8694,-0.71,100,100,5.44,overcast clouds
39,San Quintin,MX,30.4833,-115.95,68.99,68,2,20.0,clear sky
40,Chuy,UY,-33.6971,-53.4616,64.08,63,100,0.81,light rain
41,Lasa,IT,46.6166,10.7002,44.02,57,0,1.3,clear sky
42,Charlestown,AU,-32.95,151.6667,65.41,95,81,4.0,broken clouds
43,Kamphaeng Phet,TH,16.25,99.5,73.4,86,30,4.56,scattered clouds
44,Ushuaia,AR,-54.8,-68.3,35.26,93,75,33.38,snow
45,San Borja,BO,-14.8167,-66.85,105.13,23,20,10.22,few clouds
46,Abu Dhabi,AE,24.4667,54.3667,86.11,66,0,6.91,clear sky
47,Qaanaaq,GL,77.484,-69.3632,-0.76,57,0,8.43,clear sky
48,Minab,IR,27.1467,57.0801,78.3,41,0,2.59,clear sky
49,Svetlogorsk,BY,52.6333,29.7333,42.35,76,100,12.66,overcast clouds
50,East London,ZA,-33.0153,27.9116,62.83,62,25,22.64,scattered clouds
51,Carnarvon,AU,-24.8667,113.6333,70.92,71,0,15.1,clear sky
52,Mehamn,NO,71.0357,27.8492,35.24,59,100,19.13,overcast clouds
53,Punta Alta,AR,-38.8759,-62.0736,63.81,41,64,22.55,broken clouds
54,Bambous Virieux,MU,-20.3428,57.7575,74.21,78,30,10.54,scattered clouds
55,Iranshahr,IR,27.2025,60.6848,68.27,12,0,2.71,clear sky
56,Provideniya,RU,64.3833,-173.3,22.73,79,100,8.95,overcast clouds
57,Santa Cruz,BO,-17.8,-63.1667,104.59,22,6,20.78,clear sky
58,Esperance,AU,-33.8667,121.9,52.77,67,28,16.64,scattered clouds
59,Troitskoye,RU,52.9821,84.6757,43.02,65,100,22.1,light rain
60,Tual,ID,-5.6667,132.75,83.68,76,98,13.31,overcast clouds
61,Bentiu,SS,9.2333,29.8333,82.74,50,66,3.47,broken clouds
62,Puerto Ayora,EC,-0.7393,-90.3518,70.93,82,99,9.78,overcast clouds
63,Hilo,US,19.7297,-155.09,82.27,98,100,1.01,moderate rain
64,New Norfolk,AU,-42.7826,147.0587,50.67,81,100,7.0,overcast clouds
65,Chiquilistlan,MX,20.2,-103.8167,75.13,47,90,2.77,overcast clouds
66,Inta,RU,66.0317,60.1659,25.74,90,93,15.9,overcast clouds
67,Batemans Bay,AU,-35.7167,150.1833,59.09,91,100,5.14,light rain
68,Zarubino,RU,42.63,131.0922,45.59,58,0,10.83,clear sky
69,San Patricio,US,28.017,-97.5169,88.52,49,14,14.23,few clouds
70,Victoria,HK,22.2855,114.1577,70.25,79,100,1.01,overcast clouds
71,Husavik,IS,66.0449,-17.3389,40.68,97,100,4.21,overcast clouds
72,Pisco,PE,-13.7,-76.2167,67.01,80,8,8.05,clear sky
73,Hay River,CA,60.8156,-115.7999,45.36,63,97,11.77,overcast clouds
74,Busselton,AU,-33.65,115.3333,52.09,79,100,5.64,overcast clouds
75,Hasaki,JP,35.7333,140.8333,39.6,49,2,8.88,clear sky
76,Upernavik,GL,72.7868,-56.1549,19.74,83,100,6.58,overcast clouds
77,Vila Franca Do Campo,PT,37.7167,-25.4333,70.21,79,4,6.15,clear sky
78,Bang Saphan,TH,11.2126,99.5117,77.14,90,100,4.59,moderate rain
79,Saint-Philippe,RE,-21.3585,55.7679,74.79,82,82,12.62,broken clouds
80,Mossendjo,CG,-2.9506,12.7261,71.11,98,100,2.33,heavy intensity rain
81,Nikolskoye,RU,59.7035,30.7861,37.29,88,100,9.06,light rain
82,Iquique,CL,-20.2208,-70.1431,64.44,70,4,10.6,clear sky
83,Camabatela,AO,-8.1881,15.375,66.2,92,100,2.06,moderate rain
84,Sorland,NO,67.667,12.6934,42.8,52,100,7.09,overcast clouds
85,Airai,TL,-8.9266,125.4092,61.14,83,14,1.72,few clouds
86,College,US,64.8569,-147.8028,35.29,88,81,2.64,broken clouds
87,Verkhnevilyuysk,RU,63.4453,120.3167,36.09,88,100,10.09,overcast clouds
88,Kalmunai,LK,7.4167,81.8167,78.98,82,17,4.94,few clouds
89,Kirakira,SB,-10.4544,161.9205,80.71,77,54,8.95,broken clouds
90,Ilulissat,GL,69.2167,-51.1,19.42,79,90,23.02,light shower snow
91,Batagay-Alyta,RU,67.8006,130.4114,2.52,95,100,1.7,overcast clouds
92,Quang Ngai,VN,15.1167,108.8,76.28,93,100,10.98,light rain
93,Moose Factory,CA,51.2585,-80.6094,39.18,93,90,9.22,mist
94,Carutapera,BR,-1.195,-46.02,85.08,66,100,7.9,overcast clouds
95,Albany,US,42.6001,-73.9662,55.94,58,96,9.15,overcast clouds
96,Kashi,CN,39.4547,75.9797,47.68,21,0,5.03,clear sky
97,Thompson,CA,55.7435,-97.8558,37.33,72,100,3.27,overcast clouds
98,Timra,SE,62.487,17.3257,29.68,78,24,3.44,few clouds
99,Boyabat,TR,41.4689,34.7667,54.9,60,7,2.35,clear sky
100,Ribeira Grande,PT,38.5167,-28.7,70.2,68,75,0.0,broken clouds
101,Goderich,CA,43.7501,-81.7165,50.2,76,100,4.61,overcast clouds
102,Laguna,US,38.421,-121.4238,66.9,72,90,3.0,overcast clouds
103,Nome,US,64.5011,-165.4064,28.11,86,100,4.79,overcast clouds
104,Lata,PT,40.1629,-8.3327,59.05,60,98,1.66,overcast clouds
105,Doba,TD,8.65,16.85,75.11,83,76,4.99,light rain
106,Whitehorse,CA,60.7161,-135.0538,38.01,74,100,10.0,overcast clouds
107,Manuk Mangkaw,PH,4.8,119.85,81.45,76,100,11.95,overcast clouds
108,Kapaa,US,22.0752,-159.319,80.58,85,26,5.99,scattered clouds
109,Jalu,LY,29.0331,21.5482,75.33,31,0,9.15,clear sky
110,Jamestown,US,42.097,-79.2353,51.08,88,100,1.99,light rain
111,Castro,BR,-24.7911,-50.0119,72.86,57,100,6.78,light rain
112,Richards Bay,ZA,-28.783,32.0377,72.23,82,63,22.08,light rain
113,Dickinson,US,29.4608,-95.0513,85.95,69,75,3.0,broken clouds
114,Naze,JP,28.3667,129.4833,67.95,75,100,17.4,overcast clouds
115,Dingle,PH,10.9995,122.6711,74.91,94,100,5.08,overcast clouds
116,Boralday,KZ,43.3578,76.8594,31.86,93,5,0.0,mist
117,Roebourne,AU,-20.7833,117.1333,80.02,34,100,4.97,overcast clouds
118,Katrineholm,SE,58.9959,16.2072,35.73,75,10,4.52,clear sky
119,Kavieng,PG,-2.5744,150.7967,81.75,78,97,14.2,light rain
120,Dikson,RU,73.5069,80.5464,9.82,87,98,12.91,overcast clouds
121,Torbay,CA,47.6666,-52.7314,63.88,89,100,14.16,light rain
122,Pirmasens,DE,49.2015,7.6053,44.83,82,6,4.54,clear sky
123,Thinadhoo,MV,0.5333,72.9333,83.35,70,82,13.51,broken clouds
124,Mahibadhoo,MV,3.7833,72.9667,82.62,73,40,14.65,scattered clouds
125,Nishihara,JP,26.1842,127.7558,72.68,64,75,9.22,broken clouds
126,Umba,RU,66.6871,34.3429,27.91,87,100,6.49,overcast clouds
127,Chaihe,CN,44.7667,129.7,34.02,72,0,5.26,clear sky
128,Dombas,NO,62.0696,9.1235,24.78,94,100,1.72,light snow
129,Mount Isa,AU,-20.7333,139.5,71.37,73,9,0.0,light rain
130,Kasamwa,TZ,-2.85,32.4333,70.48,74,94,4.16,overcast clouds
131,Mahebourg,MU,-20.4081,57.7,74.25,79,23,10.78,few clouds
132,Olafsvik,IS,64.8945,-23.7142,45.46,93,100,12.5,light rain
133,Charters Towers,AU,-20.1,146.2667,69.73,90,82,1.1,broken clouds
134,Souillac,MU,-20.5167,57.5167,74.35,80,9,9.89,clear sky
135,Maceio,BR,-9.6658,-35.7353,87.24,70,0,16.11,clear sky
136,Saint George,US,37.1041,-113.5841,74.43,22,1,1.99,clear sky
137,Tazovskiy,RU,67.4667,78.7,27.09,97,100,9.33,overcast clouds
138,Port Blair,IN,11.6667,92.75,79.74,79,98,2.35,overcast clouds
139,Panacan,PH,9.2463,118.4082,76.44,85,100,4.52,light rain
140,Belyy Yar,RU,53.6039,91.3903,39.09,65,0,4.47,clear sky
141,Puerto Escondido,MX,15.85,-97.0667,84.11,71,88,7.07,overcast clouds
142,Surab,PK,28.4914,66.2585,49.71,24,0,7.65,clear sky
143,Puerto Baquerizo Moreno,EC,-0.9,-89.6,69.8,86,100,11.68,overcast clouds
144,Stornoway,GB,58.2093,-6.3865,53.56,94,90,31.07,light rain
145,Maracacume,BR,-2.0428,-45.9592,87.89,57,100,1.68,overcast clouds
146,Hermanus,ZA,-34.4187,19.2345,57.9,70,7,5.91,clear sky
147,Mount Gambier,AU,-37.8333,140.7667,49.75,71,100,8.28,overcast clouds
148,Flin Flon,CA,54.7682,-101.865,39.63,72,100,10.54,overcast clouds
149,Dajal,PK,29.5577,70.3762,74.34,44,0,12.64,clear sky
150,Tecoanapa,MX,16.5167,-98.75,75.34,95,100,3.98,overcast clouds
151,Severo-Kurilsk,RU,50.6789,156.125,39.42,78,100,9.13,overcast clouds
152,Santiago Del Estero,AR,-27.7951,-64.2615,78.8,30,43,21.92,scattered clouds
153,Ouegoa,NC,-20.35,164.4333,72.03,83,0,6.53,clear sky
154,La Ronge,CA,55.1001,-105.2842,41.05,59,16,16.58,few clouds
155,Leshukonskoye,RU,64.8989,45.7622,22.98,94,70,4.25,broken clouds
156,Anloga,GH,5.7947,0.8973,79.59,80,97,8.25,moderate rain
157,Nyagan,RU,62.1406,65.3936,39.7,76,95,13.44,overcast clouds
158,Longyearbyen,SJ,78.2186,15.6401,19.24,79,40,4.61,scattered clouds
159,Sambava,MG,-14.2667,50.1667,75.52,91,30,3.22,light rain
160,Kodiak,US,57.79,-152.4072,44.11,76,90,11.5,moderate rain
161,Diego De Almagro,CL,-26.3667,-70.05,70.97,17,0,12.19,clear sky
162,Homer,US,59.6425,-151.5483,42.04,89,100,8.01,overcast clouds
163,Miandrivazo,MG,-19.5167,45.4667,76.5,48,0,2.46,clear sky
164,Lodingen,NO,68.414,15.9951,37.44,91,100,7.0,light rain
165,Anupgarh,IN,29.1911,73.2086,80.29,51,73,8.1,broken clouds
166,Bonfim,BR,3.0833,-59.95,90.37,51,96,1.77,overcast clouds
167,Cape Town,ZA,-33.9258,18.4232,61.27,68,22,1.01,few clouds
168,Bondeno,IT,44.8862,11.4108,59.4,84,88,5.39,overcast clouds
169,Adrar,MR,20.5022,-10.0711,80.8,19,2,2.06,clear sky
170,Chadiza,ZM,-14.0678,32.4392,84.42,29,99,4.29,overcast clouds
171,Sainte-Anne-Des-Monts,CA,49.124,-66.4924,47.16,79,100,11.74,overcast clouds
172,Fairbanks,US,64.8378,-147.7164,35.31,91,81,2.64,broken clouds
173,Itupiranga,BR,-5.1347,-49.3267,79.81,74,100,3.04,light rain
174,Cabo San Lucas,MX,22.8909,-109.9124,89.62,65,1,7.63,clear sky
175,Bandarbeyla,SO,9.4942,50.8122,77.92,80,15,9.93,few clouds
176,Kudahuvadhoo,MV,2.6708,72.8944,82.78,72,53,14.25,broken clouds
177,Rio Cuarto,AR,-33.1307,-64.3499,67.84,22,4,19.51,clear sky
178,Sal Rei,CV,16.1833,-22.9167,80.8,74,0,18.41,clear sky
179,Arman,RU,59.7,150.1667,20.77,70,100,9.22,overcast clouds
180,Cherskiy,RU,68.75,161.3,-1.66,99,98,2.39,overcast clouds
181,Mantua,IT,45.1667,10.7833,60.73,91,46,2.89,scattered clouds
182,Mar Del Plata,AR,-38.0023,-57.5575,68.02,85,75,1.01,thunderstorm
183,Tendukheda,IN,23.4,79.55,68.04,58,0,2.64,clear sky
184,Touros,BR,-5.1989,-35.4608,85.1,63,4,13.02,clear sky
185,Ushtobe,KZ,45.2514,77.9838,42.08,50,10,6.44,clear sky
186,Butaritari,KI,3.0707,172.7902,81.0,73,100,5.86,overcast clouds
187,Puerto Barrios,GT,15.7167,-88.6,82.35,87,99,4.65,overcast clouds
188,Konza,KE,-1.7426,37.1294,67.96,52,73,10.51,broken clouds
189,Bure,ET,10.7,37.0667,55.27,79,94,4.5,overcast clouds
190,Llanes,ES,43.4198,-4.7549,56.86,67,100,5.5,overcast clouds
191,Namibe,AO,-15.1961,12.1522,66.45,69,14,12.19,few clouds
192,Alta Floresta,BR,-9.8756,-56.0861,85.87,57,100,3.76,overcast clouds
193,Klaksvik,FO,62.2266,-6.589,50.92,96,100,22.48,overcast clouds
194,Fortuna,US,40.5982,-124.1573,59.94,79,90,1.99,overcast clouds
195,Sept-Iles,CA,50.2001,-66.3821,49.05,98,90,5.99,light intensity drizzle
196,Ambulu,ID,-8.345,113.6058,76.39,85,100,2.24,overcast clouds
197,Sao Joao Da Barra,BR,-21.6403,-41.0511,78.89,80,16,16.31,few clouds
198,Havoysund,NO,70.9963,24.6622,31.08,56,100,17.09,light snow
199,Te Anau,NZ,-45.4167,167.7167,49.66,95,100,0.96,overcast clouds
200,Kasempa,ZM,-13.4584,25.8338,75.69,44,56,2.93,broken clouds
201,Bulgan,MN,48.8125,103.5347,34.5,47,100,2.39,overcast clouds
202,Pacific Grove,US,36.6177,-121.9166,65.77,79,7,1.01,clear sky
203,Presidencia Roque Saenz Pena,AR,-26.7852,-60.4388,70.0,80,99,15.08,overcast clouds
204,Mogadishu,SO,2.0371,45.3438,79.7,82,0,9.26,clear sky
205,Milkovo,RU,54.7167,158.6167,27.84,90,100,0.51,overcast clouds
206,Iqaluit,CA,63.7506,-68.5145,34.7,69,17,8.99,few clouds
207,Winslow,US,35.0242,-110.6974,67.96,26,1,5.01,clear sky
208,Yerbogachen,RU,61.2767,108.0108,31.26,81,53,10.2,broken clouds
209,Baoma,CN,31.4859,106.1128,57.0,82,94,2.64,overcast clouds
210,Barra Patuca,HN,15.8,-84.2833,85.53,68,85,7.23,overcast clouds
211,Georgetown,MY,5.4112,100.3354,80.89,85,20,5.75,few clouds
212,Sitka,US,57.0531,-135.33,44.67,87,100,5.28,light rain
213,Krasnoselkup,RU,65.7,82.4667,32.41,99,100,9.35,light snow
214,Newport,GB,51.5877,-2.9984,55.51,71,92,17.22,overcast clouds
215,Sao Filipe,CV,14.8961,-24.4956,80.06,68,3,6.91,clear sky
216,Hella,NO,67.2,14.4333,32.88,75,75,16.11,broken clouds
217,Saskylakh,RU,71.9167,114.0833,7.39,95,100,16.33,light snow
218,Ipixuna,BR,-1.7625,-48.8043,87.75,60,100,4.52,overcast clouds
219,Cockburn Town,TC,21.4612,-71.1419,82.99,70,72,17.96,broken clouds
220,Mayumba,GA,-3.432,10.6554,76.86,89,92,5.64,overcast clouds
221,Les Cayes,HT,18.2,-73.75,85.39,65,16,13.15,few clouds
222,Crato,BR,-7.2342,-39.4094,93.18,34,36,5.23,scattered clouds
223,Conde,BR,-7.2597,-34.9075,81.3,69,68,11.92,broken clouds
224,Cayenne,GF,4.9333,-52.3333,80.1,82,75,8.01,light rain
225,Avarua,CK,-21.2078,-159.775,73.45,56,40,10.36,scattered clouds
226,Loralai,PK,30.3705,68.598,57.36,25,0,3.38,clear sky
227,Luderitz,NA,-26.6481,15.1594,59.32,72,0,19.91,clear sky
228,Teya,RU,60.3778,92.6267,34.16,94,100,13.78,light rain
229,Karratha,AU,-20.7377,116.8463,79.43,40,77,5.37,broken clouds
230,Half Moon Bay,US,37.4636,-122.4286,67.59,69,1,1.99,haze
231,Port Hedland,AU,-20.3167,118.5667,77.05,36,100,5.75,overcast clouds
232,Nalut,LY,30.3333,10.85,75.51,40,100,5.21,overcast clouds
233,Keningau,MY,5.3378,116.1602,73.85,98,100,0.76,light rain
234,Pasni,PK,25.2631,63.471,79.34,51,0,9.84,clear sky
235,Bunia,CD,1.5667,30.25,65.35,86,39,3.42,scattered clouds
236,Burnie,AU,-41.0667,145.9167,49.95,71,86,11.9,overcast clouds
237,Barrow,US,71.2906,-156.7887,28.42,86,90,17.27,overcast clouds
238,Gat,IL,31.61,34.7642,72.09,100,0,6.26,clear sky
239,Taree,AU,-31.9,152.4667,67.1,96,11,4.23,few clouds
240,Lagoa,PT,39.05,-27.9833,66.31,71,0,13.31,clear sky
241,Shitanjing,CN,39.2342,106.3439,44.4,52,0,1.9,clear sky
242,Simpang,ID,-1.2667,104.0833,75.2,92,100,1.79,overcast clouds
243,Caravelas,BR,-17.7125,-39.2481,78.22,71,25,8.63,scattered clouds
244,Conceicao Da Barra,BR,-18.5933,-39.7322,77.72,75,45,8.59,scattered clouds
245,Acarau,BR,-2.8856,-40.12,85.19,65,90,17.65,overcast clouds
246,Port Keats,AU,-14.25,129.55,79.86,82,5,6.02,clear sky
247,Dunedin,NZ,-45.8742,170.5036,53.8,81,100,8.01,overcast clouds
248,Launceston,AU,-41.45,147.1667,49.64,94,90,0.0,overcast clouds
249,Suzun,RU,53.7841,82.3116,45.64,66,100,17.07,overcast clouds
250,Sayyan,YE,15.1718,44.3244,56.93,30,32,6.02,scattered clouds
251,Goundam,ML,16.4145,-3.6708,94.44,16,3,8.57,clear sky
252,Yumen,CN,40.2833,97.2,41.54,42,100,4.05,overcast clouds
253,Hamilton,US,39.1834,-84.5333,61.03,67,100,1.01,overcast clouds
254,Guaymango,SV,13.7503,-89.8422,82.38,75,50,6.53,light rain
255,Yarmouth,US,41.7057,-70.2286,65.01,77,20,5.99,few clouds
256,Monrovia,LR,6.3005,-10.7969,78.76,83,94,7.29,overcast clouds
257,Mortka,RU,59.3322,66.0214,42.35,68,91,14.29,overcast clouds
258,Ola,RU,59.5833,151.2833,23.99,70,100,11.34,overcast clouds
259,Lufilufi,WS,-13.8745,-171.5986,76.78,69,94,17.16,overcast clouds
260,Urucara,BR,-2.5364,-57.76,90.45,53,98,2.73,moderate rain
261,Namtsy,RU,62.7161,129.6658,21.31,95,100,3.94,overcast clouds
262,Guadalupe,MX,25.6833,-100.25,91.4,55,0,3.0,clear sky
263,Isangel,VU,-19.55,169.2667,75.16,82,92,10.92,overcast clouds
264,Jinxiang,CN,27.4327,120.6062,60.91,87,100,11.48,light rain
265,Nazare,BR,-13.035,-39.0144,81.99,69,100,5.3,overcast clouds
266,Cabedelo,BR,-6.9811,-34.8339,82.13,69,44,10.63,scattered clouds
267,Upington,ZA,-28.4478,21.2561,57.02,55,4,6.11,clear sky
268,Phan Thiet,VN,10.9333,108.1,76.8,88,100,4.41,overcast clouds
269,Kawalu,ID,-7.3817,108.2082,73.45,95,100,0.96,overcast clouds
270,Riviere-Au-Renard,CA,48.9957,-64.3971,48.06,94,100,9.37,overcast clouds
271,Paita,PE,-5.0892,-81.1144,70.83,74,100,14.85,overcast clouds
272,Coihaique,CL,-45.5752,-72.0662,48.85,54,13,16.89,few clouds
273,Ukiah,US,39.1502,-123.2078,57.83,92,90,4.61,moderate rain
274,Nhulunbuy,AU,-12.2333,136.7667,77.61,88,40,0.0,scattered clouds
275,Katsuura,JP,35.1333,140.3,54.19,59,5,9.35,clear sky
276,Port Lincoln,AU,-34.7333,135.8667,53.1,79,2,9.51,clear sky
277,Westerland,DE,54.9079,8.3033,50.02,76,75,6.91,broken clouds
278,Ahipara,NZ,-35.1667,173.1667,61.2,97,92,4.27,overcast clouds
279,Karangasem,ID,-8.45,115.6167,76.14,79,96,4.65,overcast clouds
280,El Pueblito,MX,20.5333,-100.45,75.02,45,62,5.64,broken clouds
281,Banda Aceh,ID,5.5577,95.3222,79.14,83,99,2.19,overcast clouds
282,Wasilla,US,61.5814,-149.4394,42.73,70,1,5.01,clear sky
283,Soyo,AO,-6.1349,12.3689,78.49,83,100,8.97,overcast clouds
284,Sao Felix Do Xingu,BR,-6.6447,-51.995,86.25,61,100,3.11,overcast clouds
285,San Rafael Del Sur,NI,11.8485,-86.4384,85.53,67,46,2.93,scattered clouds
286,Sao Goncalo Do Amarante,BR,-3.6072,-38.9683,86.04,56,91,10.78,overcast clouds
287,Sawtell,AU,-30.3833,153.1,67.19,96,0,1.14,clear sky
288,Tanda,IN,26.55,82.65,72.63,69,0,3.83,clear sky
289,Hohhot,CN,40.8106,111.6522,45.46,53,76,0.98,broken clouds
290,Santa Rosa,PH,14.3122,121.1114,79.11,80,100,8.88,overcast clouds
291,Port Hardy,CA,50.6996,-127.4199,49.44,80,28,5.95,light rain
292,Tromso,NO,69.6496,18.957,33.82,60,75,5.01,snow
293,Okhotsk,RU,59.3833,143.3,16.23,78,2,15.03,clear sky
294,Celestun,MX,20.8667,-90.4,80.37,77,91,7.94,overcast clouds
295,Sembabule,UG,-0.0772,31.4567,65.44,82,60,1.3,broken clouds
296,Henderson,US,36.0397,-114.9819,76.75,28,1,13.8,clear sky
297,Bluefields,NI,12.0137,-83.7635,85.69,66,97,7.56,overcast clouds
298,Vostok,RU,46.4856,135.8833,28.67,89,7,5.95,clear sky
299,Cabra,ES,37.4725,-4.4421,65.64,56,11,4.83,few clouds
300,Havre-Saint-Pierre,CA,50.2334,-63.5986,48.56,93,90,4.61,overcast clouds
301,Phalaborwa,ZA,-23.943,31.1411,90.1,24,4,8.99,clear sky
302,Barbate,ES,36.1924,-5.9219,69.73,76,73,18.37,broken clouds
303,Bahir Dar,ET,11.5936,37.3908,64.63,63,93,3.44,overcast clouds
304,Kruisfontein,ZA,-34.0033,24.7314,57.88,65,81,16.44,broken clouds
305,North Bend,US,43.4065,-124.2243,57.07,97,90,4.61,mist
306,Nouadhibou,MR,20.931,-17.0347,69.13,80,0,21.77,clear sky
307,Tura,IN,25.5198,90.2201,66.18,86,0,2.84,clear sky
308,Mtambile,TZ,-5.3833,39.7,76.91,79,9,9.8,clear sky
309,Vryburg,ZA,-26.9566,24.7284,57.34,54,0,21.36,clear sky
310,Teahupoo,PF,-17.8333,-149.2667,73.36,86,100,12.8,light rain
311,Igarka,RU,67.4667,86.5833,29.97,97,100,12.21,light snow
312,Comrat,MD,46.3003,28.6572,51.37,47,6,9.8,light rain
313,Taoudenni,ML,22.6783,-3.9836,87.21,18,0,3.78,clear sky
314,Jieshi,CN,22.8134,115.8257,66.94,76,97,8.25,overcast clouds
315,Almaznyy,RU,48.0448,40.045,53.74,79,100,7.4,light rain
316,Mogapinyana,BW,-22.3667,27.6,83.28,15,19,5.75,few clouds
317,Bethel,US,41.3712,-73.414,60.03,62,79,5.5,broken clouds
318,Arlit,NE,18.7369,7.3853,89.91,11,6,3.85,clear sky
319,Tilichiki,RU,60.4667,166.1,6.35,88,98,8.19,overcast clouds
320,Piacabucu,BR,-10.4056,-36.4344,82.4,74,18,14.52,few clouds
321,Kieta,PG,-6.2167,155.6333,78.49,80,20,2.75,few clouds
322,Lazaro Cardenas,MX,17.9583,-102.2,83.39,72,100,4.99,overcast clouds
323,Cidreira,BR,-30.1811,-50.2056,68.05,89,100,10.58,light rain
324,Ormara,PK,25.2088,64.6357,80.96,39,0,13.24,clear sky
325,Narasannapeta,IN,18.4167,84.05,76.03,70,98,3.53,overcast clouds
326,Bubaque,GW,11.2833,-15.8333,84.13,69,97,9.22,overcast clouds
327,Sargatskoye,RU,55.6101,73.4972,50.2,71,53,18.03,broken clouds
328,Saldanha,ZA,-33.0117,17.9442,60.3,70,69,5.86,broken clouds
329,Xifeng,CN,42.7372,124.7222,40.08,62,0,4.76,clear sky
330,Linxia,CN,35.6003,103.2064,45.14,74,58,0.98,broken clouds
331,Omboue,GA,-1.5746,9.2618,76.08,88,93,5.75,overcast clouds
332,Conceicao Do Araguaia,BR,-8.2578,-49.2647,84.33,69,100,4.16,heavy intensity rain
333,Mattru,SL,7.6244,-11.8332,75.42,95,100,3.36,light rain
334,Maridi,SS,4.9158,29.4742,69.04,92,83,4.7,broken clouds
335,Jibuti,DJ,11.5,42.5,78.76,56,100,13.94,overcast clouds
336,Makakilo City,US,21.3469,-158.0858,80.62,63,0,15.41,clear sky
337,Hastings,GB,50.8552,0.5729,57.29,71,54,13.65,broken clouds
338,Pascagoula,US,30.3658,-88.5561,84.06,59,90,6.89,overcast clouds
339,Buala,SB,-8.145,159.5921,78.76,76,25,3.91,scattered clouds
340,Marsa Matruh,EG,31.3525,27.2453,69.96,69,0,7.31,clear sky
341,Ilhabela,BR,-23.7781,-45.3581,74.41,79,1,10.92,clear sky
342,Dharchula,IN,29.85,80.5333,57.11,75,0,6.71,clear sky
343,Yankton,US,42.8711,-97.3973,53.85,47,1,14.97,clear sky
344,Denpasar,ID,-8.65,115.2167,76.71,88,40,1.14,scattered clouds
345,Marsh Harbour,BS,26.5412,-77.0636,81.32,71,100,10.04,overcast clouds
346,Luau,AO,-10.7073,22.2247,73.29,70,97,2.71,light rain
347,Deputatskiy,RU,69.3,139.9,-7.49,99,100,2.53,overcast clouds
348,Merrill,US,45.1805,-89.6835,51.57,56,40,0.0,scattered clouds
349,Jasper,US,37.2001,-94.3502,68.83,75,95,10.85,overcast clouds
350,Faanui,PF,-16.4833,-151.75,78.12,73,100,3.87,overcast clouds
351,Loikaw,MM,19.6742,97.2094,65.93,96,98,1.07,overcast clouds
352,Grand Gaube,MU,-20.0064,57.6608,74.37,76,98,3.0,overcast clouds
353,Mareeba,AU,-17.0,145.4333,68.72,97,53,2.48,broken clouds
354,Tebingtinggi,ID,3.3285,99.1625,75.25,95,100,2.1,overcast clouds
355,Trelew,AR,-43.249,-65.3051,67.21,10,90,12.33,overcast clouds
356,Tasiilaq,GL,65.6145,-37.6368,33.96,89,100,4.23,overcast clouds
357,Nadapuram,IN,11.7,75.6667,74.32,93,54,3.49,moderate rain
358,Wanning,CN,18.8003,110.3967,70.65,87,94,11.92,overcast clouds
359,Risch,CH,47.1405,8.441,48.49,79,75,0.0,broken clouds
360,Pericos,MX,25.05,-107.7,92.37,43,0,4.21,clear sky
361,Sao Francisco,BR,-15.9486,-44.8644,84.97,46,90,7.05,overcast clouds
362,Biltine,TD,14.5333,20.9167,88.39,17,4,17.31,clear sky
363,Sur,OM,22.5667,59.5289,81.7,60,0,7.65,clear sky
364,Ugoofaaru,MV,5.6667,73.0,81.72,76,85,14.79,overcast clouds
365,Huarmey,PE,-10.0681,-78.1522,70.32,70,18,13.18,few clouds
366,Malakal,SS,9.5334,31.6605,80.8,50,7,5.06,clear sky
367,Ust-Ishim,RU,57.6935,71.1665,46.45,75,30,14.12,scattered clouds
368,Umm Kaddadah,SD,13.6017,26.6876,90.18,15,41,16.75,scattered clouds
369,Kenora,CA,49.8167,-94.4337,39.78,59,92,2.19,overcast clouds
370,Alyangula,AU,-13.8483,136.4192,80.26,81,10,6.8,clear sky
371,Tungor,RU,53.3808,142.9564,34.52,93,100,6.38,light rain
372,Kita,ML,13.0349,-9.4895,75.7,87,100,3.27,light rain
373,Clyde River,CA,70.4692,-68.5914,22.91,79,94,17.16,overcast clouds
374,Masuguru,TZ,-11.3667,38.4167,82.83,48,59,10.36,broken clouds
375,Tsogni,GA,-2.7942,10.0988,75.49,89,99,5.19,overcast clouds
376,Vilhena,BR,-12.7406,-60.1458,85.69,51,100,4.09,overcast clouds
377,Tamandare,BR,-8.7597,-35.1047,82.27,69,61,10.25,broken clouds
378,Ancud,CL,-41.8697,-73.8203,59.43,59,2,11.21,clear sky
379,Tolaga Bay,NZ,-38.3667,178.3,53.74,77,100,9.69,overcast clouds
380,Priekule,LV,56.4468,21.5897,42.19,76,100,12.66,overcast clouds
381,Maarianhamina,AX,60.0973,19.9348,33.66,86,40,3.44,scattered clouds
382,Porto Novo,BJ,6.4965,2.6036,75.58,91,100,6.78,light rain
383,Talnakh,RU,69.4865,88.3972,22.93,96,100,6.98,light snow
384,Maningrida,AU,-12.0667,134.2667,82.06,73,61,7.34,broken clouds
385,Vao,NC,-22.6667,167.4833,71.73,80,32,15.55,scattered clouds
386,Merano,IT,46.6682,11.1595,50.67,66,0,3.78,clear sky
387,Byron Bay,AU,-28.65,153.6167,73.06,95,55,9.31,broken clouds
388,Catamarca,AR,-28.4696,-65.7852,85.05,37,0,11.01,clear sky
389,Madang,PG,-5.2246,145.7966,74.93,91,97,1.32,light rain
390,Kathmandu,NP,27.7167,85.3167,64.62,94,75,3.44,mist
391,Baruun-Urt,MN,46.6806,113.2792,34.63,43,87,7.78,overcast clouds
392,Pevek,RU,69.7008,170.3133,10.94,95,100,5.61,light snow
393,Poronaysk,RU,49.2167,143.1167,33.6,79,0,2.46,clear sky
394,Mukhen,RU,48.1,136.1,35.83,81,1,8.77,clear sky
395,Poum,NC,-20.2333,164.0167,73.44,80,8,13.18,clear sky
396,Doha,QA,25.2867,51.5333,82.38,54,0,9.22,clear sky
397,Karasburg,NA,-28.0167,18.75,55.04,48,0,6.08,clear sky
398,Mpika,ZM,-11.8343,31.4529,73.76,35,58,4.09,broken clouds
399,Pilar,BR,-9.5972,-35.9567,85.93,63,81,12.28,broken clouds
400,Iztapa,GT,13.9333,-90.7075,87.85,74,90,6.91,overcast clouds
401,Znamenskoye,RU,57.1281,73.8282,48.52,78,77,14.47,broken clouds
402,Port Macquarie,AU,-31.4333,152.9167,62.89,93,16,8.63,few clouds
403,Sioni,GE,41.9895,45.0239,46.76,60,0,2.08,clear sky
404,Teguldet,RU,57.3064,88.1667,38.17,96,100,14.97,light rain
405,Aklavik,CA,68.2191,-135.0107,24.64,92,42,7.52,scattered clouds
406,Rawson,AR,-43.3002,-65.1023,59.77,26,36,5.93,scattered clouds
407,Champerico,GT,14.3,-91.9167,91.94,75,73,6.24,broken clouds
408,Anchorage,US,61.2181,-149.9003,43.63,86,100,3.0,overcast clouds
409,Iraquara,BR,-12.2486,-41.6194,77.97,71,100,7.18,overcast clouds
410,Ughelli,NG,5.4899,6.0074,73.63,96,99,2.44,overcast clouds
411,Santiago De Chuco,PE,-8.15,-78.1833,62.53,58,67,3.71,light rain
412,Nago,JP,26.5881,127.9761,73.47,68,75,5.53,broken clouds
413,Marawi,PH,7.9986,124.2928,66.65,91,93,4.0,overcast clouds
414,Blythe,US,33.6103,-114.5964,83.03,25,99,14.41,overcast clouds
415,Talcahuano,CL,-36.7167,-73.1167,54.9,70,0,17.18,clear sky
416,Barabai,ID,-2.5833,115.3833,74.35,95,100,1.81,overcast clouds
417,Mao,ES,39.8885,4.2658,64.96,82,40,11.5,scattered clouds
418,Lillooet,CA,50.6856,-121.942,54.03,57,100,4.41,overcast clouds
419,Hervey Bay,AU,-25.2986,152.8535,74.03,89,16,15.26,few clouds
420,Hirson,FR,49.9226,4.0826,50.02,78,0,4.72,clear sky
421,Los Llanos De Aridane,ES,28.6585,-17.9182,66.13,74,75,7.0,broken clouds
422,Daru,PG,-9.0763,143.2092,79.7,82,88,13.6,overcast clouds
423,Broken Hill,AU,-31.95,141.4333,49.57,67,0,15.21,clear sky
424,Uryupinsk,RU,50.8047,42.0138,49.78,57,76,8.16,broken clouds
425,Gitega,BI,-3.5,29.95,65.62,75,20,2.04,few clouds
426,Trairi,BR,-3.2778,-39.2689,84.51,64,24,12.19,few clouds
427,Weligama,LK,5.9667,80.4167,78.84,81,24,8.34,few clouds
428,Morant Bay,JM,17.8815,-76.4093,88.63,74,43,10.29,scattered clouds
429,Tigil,RU,57.8,158.6667,26.53,93,100,6.38,overcast clouds
430,Araguacu,BR,-12.9306,-49.8264,89.29,46,100,5.14,light rain
431,Skara,SE,58.3866,13.4384,37.74,86,74,1.99,broken clouds
432,Qasigiannguit,GL,68.8193,-51.1922,19.65,95,100,6.44,light snow
433,Kovur,IN,14.4833,79.9833,79.83,81,91,3.65,overcast clouds
434,Cap Malheureux,MU,-19.9842,57.6142,74.46,76,99,5.99,overcast clouds
435,Skeldon,GY,5.8833,-57.1333,80.44,87,100,6.13,overcast clouds
436,Bow Island,CA,49.8668,-111.3684,50.99,64,100,16.46,overcast clouds
437,Coquimbo,CL,-29.9533,-71.3436,61.27,67,0,12.15,clear sky
438,Ussuriysk,RU,43.7986,131.9508,26.42,57,0,1.68,clear sky
439,Tessalit,ML,20.1986,1.0114,91.15,14,43,6.69,scattered clouds
440,Taiyuan,CN,37.8694,112.5603,44.46,76,57,2.24,broken clouds
441,Greymouth,NZ,-42.4667,171.2,53.8,74,100,4.52,overcast clouds
442,Marau,BR,-28.4492,-52.2,60.06,97,100,11.03,heavy intensity rain
443,Asau,RO,46.4333,26.4,49.39,66,100,2.59,light rain
444,Muisne,EC,0.6,-80.0333,78.44,78,75,10.74,broken clouds
445,San Cristobal,VE,7.7669,-72.225,83.93,51,84,5.21,broken clouds
446,San Andres,CO,12.5847,-81.7006,82.99,78,71,12.33,broken clouds
447,Korla,CN,41.7597,86.1469,53.58,35,100,4.47,light rain
448,San Felipe,VE,10.3399,-68.7425,79.97,87,91,5.19,overcast clouds
449,Lavrentiya,RU,65.5833,-171.0,23.58,85,100,9.66,overcast clouds
450,Traiguen,CL,-38.25,-72.6833,57.85,57,89,5.55,overcast clouds
451,Sarai Naurang,PK,32.8259,70.7814,71.74,53,0,7.05,clear sky
452,Plettenberg Bay,ZA,-34.0527,23.3716,56.91,78,70,11.25,light rain
453,Funtua,NG,11.5233,7.3081,73.71,71,67,5.77,broken clouds
454,Birao,CF,10.2849,22.7882,76.71,74,99,4.23,overcast clouds
455,Nelson Bay,AU,-32.7167,152.15,65.68,98,25,1.99,scattered clouds
456,Bilma,NE,18.6853,12.9164,85.77,13,6,8.41,clear sky
457,Kurilsk,RU,45.2333,147.8833,45.32,64,80,15.46,broken clouds
458,Padang,ID,-0.9492,100.3543,77.07,89,94,3.36,overcast clouds
459,Bingol,TR,38.8847,40.4939,53.28,25,0,4.12,clear sky
460,Sao Desiderio,BR,-12.3633,-44.9733,89.08,41,100,1.25,overcast clouds
461,Belaya Gora,RU,68.5333,146.4167,-7.83,92,98,4.16,overcast clouds
462,Itarema,BR,-2.9248,-39.9167,84.67,66,60,16.28,broken clouds
463,Yaan,NG,7.3833,8.5667,72.93,90,96,3.71,overcast clouds
464,Oranjemund,NA,-28.55,16.4333,58.26,79,0,14.76,clear sky
465,Camacha,PT,33.0833,-16.3333,67.42,64,40,11.5,scattered clouds
466,Chimoio,MZ,-19.1164,33.4833,75.6,58,0,3.85,clear sky
467,Tautira,PF,-17.7333,-149.15,78.82,88,100,16.53,light rain
468,Esso,RU,55.9333,158.7,25.5,97,100,4.92,overcast clouds
469,Kaitangata,NZ,-46.2817,169.8464,49.96,90,100,2.91,overcast clouds
470,Pringsewu,ID,-5.3582,104.9744,73.33,95,71,0.94,broken clouds
471,Barcelos,PT,41.5388,-8.6151,63.84,75,91,2.86,overcast clouds
472,Sangar,RU,63.9242,127.4739,16.81,95,100,9.42,snow
473,Dong Hoi,VN,17.4833,106.6,68.97,90,100,11.48,overcast clouds
474,Along,IN,28.1667,94.7667,63.9,88,14,1.74,few clouds
475,Ravar,IR,31.2656,56.8055,58.19,17,0,1.99,clear sky
476,Praia,CV,14.9215,-23.5087,81.14,57,0,16.11,clear sky
477,Vila Velha,BR,-20.3297,-40.2925,75.52,78,33,13.76,scattered clouds
478,Zhigalovo,RU,54.8097,105.1578,34.3,96,100,2.06,overcast clouds
479,Sikonge,TZ,-5.6333,32.7667,81.61,33,76,4.36,broken clouds
480,Albufeira,PT,37.0882,-8.2503,66.04,76,27,2.55,scattered clouds
481,Geraldton,AU,-28.7667,114.6,55.81,88,0,5.75,clear sky
482,Vestmannaeyjar,IS,63.4427,-20.2734,46.92,86,100,13.62,overcast clouds
483,Petropavlovsk-Kamchatskiy,RU,53.0452,158.6483,28.99,100,75,2.24,broken clouds
484,Comodoro Rivadavia,AR,-45.8667,-67.5,61.81,19,100,26.75,overcast clouds
485,Lindome,SE,57.5667,12.0833,50.99,70,0,5.99,clear sky
486,Tadine,NC,-21.55,167.8833,71.89,85,4,10.67,clear sky
487,Kapit,MY,2.0167,112.9333,72.9,100,100,0.92,overcast clouds
488,Molochnoye,RU,59.2917,39.6787,37.69,93,100,5.91,overcast clouds
489,Pochutla,MX,15.7432,-96.4661,82.81,60,91,8.25,overcast clouds
490,Taraz,KZ,42.9,71.3667,37.81,81,0,8.95,clear sky
491,Barabinsk,RU,55.3571,78.357,47.8,79,100,18.41,overcast clouds
492,Beringovskiy,RU,63.05,179.3167,10.53,80,3,10.36,clear sky
493,Kangaatsiaq,GL,68.3065,-53.4641,27.81,76,100,8.23,overcast clouds
494,Orsha,BY,54.5153,30.4053,41.45,75,97,15.93,overcast clouds
495,Dhidhdhoo,MV,6.8833,73.1,81.05,80,100,13.31,moderate rain
496,Kahului,US,20.8947,-156.47,80.96,85,29,8.01,scattered clouds
497,Neuquen,AR,-38.9516,-68.0591,71.15,17,0,23.78,clear sky
498,Voh,NC,-20.9667,164.7,68.49,91,12,5.28,few clouds
499,Saint-Pierre,RE,-21.3393,55.4781,74.88,85,0,4.61,clear sky
500,Nerekhta,RU,57.4588,40.5747,40.89,90,100,11.99,light rain
501,Peterhead,GB,57.5058,-1.7981,54.45,79,100,25.72,overcast clouds
502,Kenai,US,60.5544,-151.2583,43.14,83,100,11.39,overcast clouds
503,George Town,MY,5.4112,100.3354,80.89,85,20,5.75,few clouds
504,Juneau,US,58.3019,-134.4197,46.45,98,100,5.66,moderate rain
505,Nanortalik,GL,60.1432,-45.2371,35.94,74,45,4.34,scattered clouds
506,Constitucion,CL,-35.3333,-72.4167,59.52,58,0,18.68,clear sky
507,Rabo De Peixe,PT,37.8,-25.5833,69.31,73,20,8.05,few clouds
508,Tiruchchendur,IN,8.4833,78.1167,81.05,78,56,15.08,broken clouds
509,Yuci,CN,37.6803,112.7319,44.35,76,14,2.24,few clouds
510,Isparta,TR,38.0,31.0,52.56,37,0,3.18,clear sky
511,Narrabri,AU,-30.3167,149.7833,60.53,71,0,4.74,clear sky
512,Chauk,MM,20.8833,94.8167,76.5,86,69,1.34,broken clouds
513,Tombouctou,ML,20.0,-3.0,86.74,20,0,5.64,clear sky
514,Vuktyl,RU,63.8567,57.3094,31.05,74,100,11.48,overcast clouds
515,Fort Nelson,CA,58.8053,-122.7002,29.79,100,75,0.0,fog
516,Ans,BE,50.6624,5.5191,49.05,76,20,4.61,few clouds
517,Vanavara,RU,60.34,102.2797,31.42,75,100,11.18,overcast clouds
518,Yei,SS,4.095,30.6779,69.64,89,93,2.42,overcast clouds
519,Lang Son,VN,21.8333,106.7333,55.74,88,29,4.32,scattered clouds
520,Terrace Bay,CA,48.7834,-87.1,39.7,79,100,10.47,overcast clouds
521,Ofaqim,IL,31.3141,34.6203,71.74,63,0,7.02,clear sky
522,Chartres,FR,48.4167,1.5,48.54,65,0,7.05,clear sky
523,Narsaq,GL,60.9167,-46.05,35.82,73,75,1.9,broken clouds
524,Rock Sound,BS,24.9,-76.2,80.08,76,100,8.01,heavy intensity rain
525,Elvas,PT,38.8815,-7.1628,66.42,51,100,4.14,overcast clouds
526,Orocue,CO,4.7912,-71.3354,86.4,62,90,9.86,overcast clouds
527,Iroquois Falls,CA,48.7669,-80.6831,35.26,97,100,7.96,light rain
528,Mandera,KE,3.9366,41.867,83.86,55,76,15.55,broken clouds
529,Belo Horizonte,BR,-19.9208,-43.9378,78.71,50,95,2.28,overcast clouds
530,Aswan,EG,24.0934,32.907,77.86,30,0,12.15,clear sky
531,Aliwal North,ZA,-30.6937,26.7114,54.93,47,91,11.79,overcast clouds
532,Ramnicelu,RO,45.2833,27.5333,58.68,53,100,14.05,overcast clouds
533,Kattivakkam,IN,13.2167,80.3167,84.29,79,100,4.79,overcast clouds
534,Ibotirama,BR,-12.1853,-43.2206,85.24,56,100,2.98,overcast clouds
535,Saskatoon,CA,52.1168,-106.6345,42.17,61,100,10.0,overcast clouds
536,Yar-Sale,RU,66.8333,70.8333,31.59,90,100,10.45,overcast clouds
537,Acapulco,MX,16.8634,-99.8901,77.29,90,100,10.29,overcast clouds
538,Sofia,BG,42.6975,23.3242,55.72,76,90,5.99,overcast clouds
539,Rutana,BI,-3.8667,30.1,63.45,66,1,4.07,clear sky
540,Rio Grande,BR,-32.035,-52.0986,61.95,94,100,13.98,moderate rain
541,Jacqueville,CI,5.2052,-4.4146,80.51,83,90,9.64,overcast clouds
542,Tagusao,PH,9.1924,117.8141,76.35,87,100,2.06,moderate rain
543,Progreso,MX,21.2833,-89.6667,87.91,77,100,6.08,overcast clouds
544,Inhambane,MZ,-23.865,35.3833,74.73,85,0,16.91,clear sky
545,Macau,MO,22.2006,113.5461,66.78,88,75,19.57,broken clouds
546,Tezu,IN,27.9167,96.1667,70.77,72,68,2.95,broken clouds
547,Gornozavodsk,RU,58.3758,58.3211,39.24,90,72,9.06,broken clouds
548,Watsa,CD,3.0372,29.5355,65.12,96,96,2.44,overcast clouds
549,Roald,NO,62.5833,6.1333,46.54,61,75,13.8,light rain
550,Saint-Ambroise,CA,48.5501,-71.3324,42.58,59,100,4.47,overcast clouds
551,Eureka,US,40.8021,-124.1637,60.21,96,100,10.74,overcast clouds
552,Mackay,AU,-21.15,149.2,76.05,84,36,7.27,scattered clouds
553,Atasu,KZ,48.6814,71.6433,41.09,51,4,12.28,clear sky
554,Petawawa,CA,45.9001,-77.3328,47.26,57,100,1.01,overcast clouds
555,Makushino,RU,55.2103,67.2442,47.64,77,6,15.43,clear sky
556,Paraiso,CR,9.8383,-83.8656,73.31,86,98,2.53,overcast clouds
557,Pokrovskoye,RU,47.4157,38.8971,59.81,75,100,7.67,overcast clouds
558,Babu,CN,24.4167,111.5167,55.17,89,1,3.71,clear sky
559,Meulaboh,ID,4.1363,96.1285,77.11,89,100,4.52,overcast clouds
560,Nyurba,RU,63.2842,118.3319,34.86,89,100,9.22,overcast clouds
561,Jumla,NP,29.2747,82.1838,46.74,84,1,4.45,clear sky
562,Komsomolskiy,UZ,40.4272,71.7189,44.02,60,0,9.22,clear sky
563,Pandan Niog,PH,6.2282,120.5631,81.09,80,100,9.24,overcast clouds
564,El Rusio,HN,14.4667,-86.3667,83.97,54,80,4.34,broken clouds
565,Maragogi,BR,-9.0122,-35.2225,81.61,72,31,11.32,scattered clouds
566,Cascais,PT,38.6979,-9.4215,69.15,49,0,8.01,clear sky
567,Oistins,BB,13.0667,-59.5333,82.92,67,12,19.01,few clouds
568,Nabire,ID,-3.3667,135.4833,75.09,92,60,2.73,light rain
569,Ambilobe,MG,-13.2,49.05,76.28,84,4,3.47,clear sky
570,Stolin,BY,51.8912,26.846,43.27,72,91,11.7,overcast clouds
571,Nosy Varika,MG,-20.5833,48.5333,75.65,93,37,8.7,scattered clouds
572,Saint-Paul,RE,-21.0096,55.2707,75.31,96,47,5.14,scattered clouds
573,San Ignacio,BZ,17.1561,-89.0714,89.74,66,75,3.44,broken clouds
574,The Valley,AI,18.217,-63.0578,86.83,67,2,16.06,clear sky
575,Bereda,ES,43.2686,-7.5406,57.58,78,100,1.21,overcast clouds
576,Winnemucca,US,40.973,-117.7357,51.85,54,90,9.22,overcast clouds
577,Xiamen,CN,24.4798,118.0819,69.26,72,100,9.17,overcast clouds
578,Pangnirtung,CA,66.1451,-65.7125,27.0,94,99,2.75,light snow
579,Grenville,GD,12.1167,-61.6167,83.23,69,59,19.55,broken clouds
580,Aksu,CN,41.1231,80.2644,49.17,60,10,6.04,clear sky
581,Vila Do Maio,CV,15.1333,-23.2167,81.39,69,0,12.97,clear sky
582,Eyl,SO,7.9803,49.8164,78.31,79,15,10.04,few clouds
583,Ostersund,SE,63.1792,14.6357,36.05,87,40,8.05,scattered clouds
584,Pinega,RU,64.7001,43.3936,22.23,96,100,3.89,overcast clouds
585,Gornyak,RU,50.9942,81.4661,43.92,57,98,20.38,overcast clouds
586,Bertoua,CM,4.5833,13.6833,68.79,97,98,3.2,overcast clouds
587,Asfi,MA,32.2994,-9.2372,66.38,64,0,20.11,clear sky
588,Kingman,US,35.1894,-114.053,72.3,20,100,19.82,overcast clouds
589,Kiri Buru,IN,22.0833,85.35,65.7,67,0,0.49,clear sky
590,Port-Cartier,CA,50.0334,-66.8654,48.74,93,100,6.44,overcast clouds
591,Pokosnoye,RU,55.5258,101.0536,29.86,87,26,4.72,scattered clouds
592,Saint-Augustin,CA,51.226,-58.6502,40.95,86,100,16.55,overcast clouds
593,Ostrovnoy,RU,68.0531,39.5131,27.07,91,100,16.11,overcast clouds
594,Butiama,TZ,-1.7667,33.9667,65.7,82,100,4.18,overcast clouds
595,Najran,SA,17.4924,44.1277,67.05,25,9,2.01,clear sky
596,Bowen,AU,-20.0167,148.2333,76.55,75,57,6.29,broken clouds
597,Lakefield,US,43.6775,-95.1717,48.94,60,1,3.0,clear sky
598,Lardos,GR,36.0942,28.0157,69.62,71,0,9.91,clear sky
599,Anadyr,RU,64.75,177.4833,-1.7,84,40,6.71,scattered clouds
600,Harer,ET,9.3094,42.1258,59.23,60,3,6.42,clear sky
601,Cardston,CA,49.2,-113.3019,47.44,42,94,18.45,overcast clouds
602,Avera,US,33.194,-82.5271,76.51,38,0,4.16,clear sky
603,Srandakan,ID,-7.9386,110.2506,77.4,87,100,4.23,overcast clouds
604,Acajutla,SV,13.5928,-89.8275,83.34,74,80,7.85,broken clouds
605,Tortel,HU,47.1221,19.9371,48.11,47,61,9.6,broken clouds
606,Otjimbingwe,NA,-22.35,16.1333,70.18,18,0,7.63,clear sky
607,Prince Rupert,CA,54.3161,-130.3201,45.77,82,100,11.01,overcast clouds
608,Majene,ID,-3.5403,118.9707,78.55,84,100,1.95,overcast clouds
609,Tarko-Sale,RU,64.9225,77.785,32.72,99,100,13.6,light snow
610,Borba,BR,-4.3878,-59.5939,89.58,55,100,0.74,overcast clouds
611,Evensk,RU,61.95,159.2333,10.62,75,100,11.18,overcast clouds
612,Raudeberg,NO,61.9875,5.1352,45.27,66,100,20.4,light rain
613,Mbaiki,CF,3.8678,17.9892,70.52,98,100,2.17,light rain
614,Alice Springs,AU,-23.7,133.8833,69.35,35,100,13.8,overcast clouds
615,Menongue,AO,-14.6585,17.691,70.57,62,25,4.99,scattered clouds
616,Castanos,MX,26.7833,-101.4167,84.34,47,20,9.22,few clouds
617,Bafra,TR,41.5678,35.9069,58.82,55,1,4.14,clear sky
618,Shakawe,BW,-18.3667,21.85,82.47,32,74,6.73,broken clouds
619,Ziyang,CN,29.2497,117.8547,56.25,96,100,2.55,overcast clouds
620,Mayo,US,38.8876,-76.5119,68.41,64,90,4.0,overcast clouds
621,Mengyin,CN,35.7069,117.9264,49.87,60,100,0.83,light rain
622,Giresun,TR,40.5,38.5,27.72,63,0,2.91,clear sky
623,Baripada,IN,21.935,86.7214,71.94,63,1,2.93,clear sky
624,Hobyo,SO,5.3505,48.5268,79.61,79,37,11.79,scattered clouds
625,Bosaso,SO,11.2842,49.1816,79.77,59,54,3.58,broken clouds
626,Lompoc,US,34.6391,-120.4579,72.01,62,1,14.97,clear sky
627,Mitu,CO,1.1983,-70.1733,85.41,72,89,1.74,moderate rain
628,Ishigaki,JP,24.3448,124.1572,76.5,69,100,17.92,overcast clouds
629,Belmonte,BR,-15.8631,-38.8828,77.5,91,100,9.95,overcast clouds
630,Neiafu,TO,-18.65,-173.9833,75.88,64,20,8.05,few clouds
631,Pangoa,PE,-12.1167,-73.0,94.05,36,57,5.7,broken clouds
632,Jabinyanah,TN,35.035,10.9081,73.69,89,100,13.56,overcast clouds
633,Caconda,AO,-13.7333,15.0667,73.96,37,97,5.68,overcast clouds
634,Namatanai,PG,-3.6667,152.4333,79.02,81,29,7.11,scattered clouds
635,Stokmarknes,NO,68.5646,14.9108,37.49,74,100,4.16,overcast clouds
636,Amapa,BR,1.0,-52.0,94.91,35,83,2.21,light rain
637,Palu,ID,-0.8917,119.8707,74.91,95,93,2.77,overcast clouds
638,Haines Junction,CA,60.7522,-137.5108,34.81,87,100,1.72,overcast clouds
639,Gornopravdinsk,RU,60.05,69.9,43.56,83,100,14.34,light rain
640,Urumqi,CN,43.801,87.6005,34.75,87,0,2.24,clear sky
641,Porto Santo,PT,33.072,-16.3415,70.18,64,40,11.5,scattered clouds
642,Safaga,EG,26.7292,33.9365,78.44,47,0,15.3,clear sky
643,Lagos,NG,6.5833,3.75,74.35,94,100,4.7,light rain
644,Alofi,NU,-19.0595,-169.9187,74.32,67,91,20.33,overcast clouds
645,Yaring,TH,6.8662,101.3689,77.63,88,61,3.65,broken clouds
646,Khandagayty,RU,50.7333,92.05,31.17,64,15,3.8,few clouds
647,Takoradi,GH,4.8845,-1.7554,78.17,84,100,6.98,overcast clouds
648,Port-Gentil,GA,-0.7193,8.7815,77.86,83,32,10.31,scattered clouds
649,Vardo,NO,70.3705,31.1107,33.89,74,100,16.58,light snow
650,Goya,AR,-29.14,-59.2626,63.25,93,100,9.46,overcast clouds
651,Severo-Yeniseyskiy,RU,60.3725,93.0408,31.03,92,100,14.36,light snow
652,Aksay,RU,47.26,39.87,59.25,59,100,11.99,overcast clouds
653,Tonantins,BR,-2.8731,-67.8022,88.86,58,94,2.06,overcast clouds
654,Angol,CL,-37.8,-72.7167,64.92,41,75,3.15,broken clouds
655,Sibu,MY,2.3,111.8167,73.45,99,99,2.28,overcast clouds
656,Kutum,SD,14.2,24.6667,80.2,18,10,17.0,clear sky
657,La Marque,US,29.3686,-94.9713,86.05,72,40,5.01,scattered clouds
658,Cravo Norte,CO,6.3017,-70.2041,87.66,57,87,10.16,overcast clouds
659,Oussouye,SN,12.485,-16.5469,83.93,55,41,6.08,scattered clouds
660,Safford,US,32.834,-109.7076,79.72,21,1,5.75,clear sky
661,Altamira,BR,-3.2033,-52.2064,85.62,67,90,2.48,overcast clouds
662,Moree,AU,-29.4667,149.85,63.61,56,0,11.77,clear sky
663,Sanming,CN,26.2486,117.6186,56.39,97,100,2.35,overcast clouds
664,Hovd,MN,48.0056,91.6419,35.33,55,4,6.87,clear sky
665,San Carlos De Bariloche,AR,-41.1456,-71.3082,53.35,47,40,31.07,scattered clouds
666,Yulara,AU,-25.2406,130.9889,63.27,37,5,18.41,clear sky
667,Tyler,US,32.3513,-95.3011,84.42,64,75,12.66,broken clouds
668,Muddebihal,IN,16.3333,76.1333,74.7,78,100,13.94,overcast clouds
669,Ankazoabo,MG,-22.2833,44.5167,69.37,48,0,3.33,clear sky
670,Todos Santos,MX,23.45,-110.2167,89.01,70,0,9.66,clear sky
671,Oxford,GB,51.7522,-1.256,53.82,76,75,9.22,broken clouds
672,Zalantun,CN,48.0,122.7167,38.03,58,0,4.16,clear sky
673,Seoul,KR,37.5683,126.9778,44.04,100,9,2.3,clear sky
674,Miles City,US,46.4083,-105.8406,55.51,71,1,3.44,clear sky
675,Portland,US,45.5234,-122.6762,54.61,94,90,3.0,overcast clouds
676,Sechura,PE,-5.5569,-80.8222,77.32,58,100,12.35,overcast clouds
677,Sawakin,SD,19.1059,37.3321,82.53,74,2,7.54,clear sky
678,San Policarpo,PH,12.1791,125.5072,80.69,81,100,7.4,overcast clouds
679,Puerto Ayacucho,VE,5.6639,-67.6236,89.67,60,57,2.46,light rain
680,Mabaruma,GY,8.2,-59.7833,77.27,95,100,5.08,overcast clouds
681,Necochea,AR,-38.5473,-58.7368,60.04,67,67,23.0,broken clouds
682,Slantsy,RU,59.1182,28.0914,37.98,85,99,8.79,overcast clouds
683,Labuhan,ID,-6.8844,112.2051,79.77,79,96,8.97,overcast clouds
684,Bharatpur,IN,27.2167,77.4833,74.26,56,0,5.32,clear sky
685,Port Augusta,AU,-32.5,137.7667,41.7,71,0,8.14,clear sky
686,Kargopol,RU,61.5071,38.9456,31.82,95,100,8.1,light snow
687,Moindou,NC,-21.6924,165.677,67.95,78,70,8.75,broken clouds
688,Lithakia,GR,37.7167,20.8333,66.58,94,20,0.0,few clouds
689,Hailar,CN,49.2,119.7,32.95,59,0,6.91,clear sky
690,Mazamari,PE,-11.3258,-74.5308,98.74,30,54,2.68,broken clouds
691,Green Valley,US,31.8543,-110.9937,83.43,26,10,3.0,clear sky
692,Bundaberg,AU,-24.85,152.35,74.21,94,83,9.86,broken clouds
693,Abapo,BO,-18.8333,-63.4667,106.88,16,0,17.22,clear sky
694,George,ZA,-33.963,22.4617,53.15,87,90,12.66,light rain
695,Tawang,IN,27.5833,91.8667,44.26,90,40,3.42,scattered clouds
696,Langsa,ID,4.4683,97.9683,74.08,98,100,3.02,heavy intensity rain
697,Amazar,RU,53.858,120.875,31.62,89,7,1.88,clear sky
698,Canon City,US,38.441,-105.2424,72.45,17,1,1.99,clear sky
699,Bangkalan,ID,-7.0455,112.7351,82.35,77,99,2.04,overcast clouds
700,Araouane,ML,18.9048,-3.5265,90.18,18,13,6.96,few clouds
701,Purpe,RU,64.4803,76.6897,34.11,99,100,16.8,overcast clouds
702,Diffa,NE,13.3154,12.6113,88.36,15,7,5.77,clear sky
703,Atambua,ID,-9.1061,124.8925,75.99,84,46,2.13,scattered clouds
704,Virden,US,39.5009,-89.7679,60.06,62,100,8.21,overcast clouds
705,Hualmay,PE,-11.0964,-77.6139,68.59,70,13,12.44,few clouds
706,Udaipura,IN,23.0833,78.5,68.34,59,0,3.0,clear sky
707,Honiara,SB,-9.4333,159.95,76.39,83,78,2.93,broken clouds
708,Baykit,RU,61.67,96.37,33.19,95,100,8.61,snow
709,Topalu,RO,44.55,28.05,60.57,66,100,4.81,overcast clouds
710,Aykhal,RU,66.0,111.5,23.85,91,98,20.83,overcast clouds
711,Thenzawl,IN,23.3167,92.75,61.72,92,33,2.19,scattered clouds
712,Verkhoyansk,RU,67.5447,133.385,0.99,99,100,2.26,overcast clouds
713,Sola,VU,-13.8833,167.55,81.0,77,23,17.87,few clouds
714,Surt,LY,31.2089,16.5887,81.79,35,100,16.24,overcast clouds
